adcode,name
370783,寿光市
361124,铅山县
370400,枣庄市
450109,邕宁区
450127,横县
330421,嘉善县
610822,府谷县
130827,宽城满族自治县
411500,信阳市
340122,肥东县
530724,宁蒗彝族自治县
450125,上林县
411200,三门峡市
431003,苏仙区
120110,东丽区
623023,舟曲县
360000,江西省
310100,上海市市辖区
141100,吕梁市
130132,元氏县
150523,开鲁县
220602,浑江区
451081,靖西市
370704,坊子区
530324,罗平县
360521,分宜县
330324,永嘉县
620725,山丹县
451226,环江毛南族自治县
620921,金塔县
360112,新建区
410800,焦作市
220221,永吉县
510000,四川省
410700,新乡市
360922,万载县
520321,遵义县
370103,市中区
650200,克拉玛依市
410402,新华区
130181,辛集市
220723,乾安县
500228,梁平县
441624,和平县
620103,七里河区
220400,辽源市
522723,贵定县
150426,翁牛特旗
141124,临县
610424,乾县
450702,钦南区
520382,仁怀市
220200,吉林市
610402,秦都区
410300,洛阳市
410000,河南省
320509,吴江区
220500,通化市
522722,荔波县
610481,兴平市
620981,玉门市
511324,仪陇县
150922,化德县
411723,平舆县
522732,三都水族自治县
220104,朝阳区
510626,罗江县
520324,正安县
520330,习水县
520502,七星关区
610426,永寿县
370112,历城区
520300,遵义市
150403,元宝山区
210403,东洲区
222401,延吉市
430102,芙蓉区
340181,巢湖市
500240,石柱土家族自治县
500235,云阳县
411527,淮滨县
411328,唐河县
451321,忻城县
440825,徐闻县
411623,商水县
231221,望奎县
654300,阿勒泰地区
420304,郧阳区
522632,榕江县
420302,茅箭区
450921,容县
450981,北流市
230112,阿城区
520425,紫云苗族布依族自治县
370684,蓬莱市
410421,宝丰县
533423,维西傈僳族自治县
511421,仁寿县
532927,巍山彝族回族自治县
530823,景东彝族自治县
530825,镇沅彝族哈尼族拉祜族自治县
530827,孟连傣族拉祜族佤族自治县
530829,西盟佤族自治县
500116,江津区
532532,河口瑶族自治县
622922,康乐县
360402,庐山区
360427,星子县
640181,灵武市
451202,金城江区
620722,民乐县
450124,马山县
640500,中卫市
652928,阿瓦提县
410702,红旗区
450400,梧州市
632224,刚察县
510504,龙马潭区
510811,昭化区
510824,苍溪县
230302,鸡冠区
440823,遂溪县
440883,吴川市
341100,滁州市
350211,集美区
230306,城子河区
230382,密山市
510603,旌阳区
371723,成武县
321281,兴化市
411700,驻马店市
441602,源城区
441500,汕尾市
222403,敦化市
230304,滴道区
370503,河口区
371202,莱城区
410411,湛河区
371725,郓城县
420528,长阳土家族自治县
231202,北林区
371722,单县
420581,宜都市
441702,江城区
330212,鄞州区
420702,梁子湖区
522627,天柱县
410804,马村区
231223,青冈县
520423,镇宁布依族苗族自治县
120225,蓟县
231226,绥棱县
231283,海伦市
411524,商城县
130100,石家庄市
445222,揭西县
450903,福绵区
441203,鼎湖区
441223,广宁县
441284,四会市
420526,兴山县
420582,当阳市
445203,揭东区
810015,西貢區
522629,剑河县
522633,从江县
420303,张湾区
451121,昭平县
620723,临泽县
500000,重庆市
420325,房县
340322,五河县
411300,南阳市
370100,济南市
230502,尖山区
230503,岭东区
230505,四方台区
230522,友谊县
230521,集贤县
230524,饶河县
210181,新民市
450800,贵港市
500107,九龙坡区
431121,祁阳县
431382,涟源市
370634,长岛县
420625,谷城县
420682,老河口市
422822,建始县
652702,阿拉山口市
632525,贵南县
652722,精河县
320500,苏州市
513227,小金县
621124,临洮县
530423,通海县
650107,达坂城区
410481,舞钢市
152221,科尔沁右翼前旗
360424,修水县
321100,镇江市
513231,阿坝县
130205,开平区
421124,英山县
522725,瓮安县
620724,高台县
450108,良庆区
620721,肃南裕固族自治县
451102,八步区
451122,钟山县
420923,云梦县
341700,池州市
320924,射阳县
653125,莎车县
451021,田阳县
620525,张家川回族自治县
650109,米东区
320904,大丰区
421181,麻城市
652223,伊吾县
650103,沙依巴克区
321102,京口区
321183,句容市
210423,清原满族自治县
532622,砚山县
530927,沧源佤族自治县
430624,湘阴县
610581,韩城市
632200,海北藏族自治州
620623,天祝藏族自治县
630200,海东市
411100,漯河市
621027,镇原县
451422,宁明县
451424,大新县
654323,福海县
610204,耀州区
620702,甘州区
431122,东安县
530902,临翔区
330700,金华市
500237,巫山县
610525,澄城县
540223,定日县
210421,抚顺县
310113,宝山区
460202,海棠区
441224,怀集县
511800,雅安市
360203,珠山区
653127,麦盖提县
430407,石鼓区
632825,海西蒙古族藏族自治州直辖
620300,金昌市
230882,富锦市
610124,周至县
320921,响水县
320925,建湖县
610302,渭滨区
610521,华县
652201,哈密市
321112,丹徒区
420281,大冶市
430611,君山区
350602,芗城区
511902,巴州区
520302,红花岗区
411523,新县
652828,和硕县
410182,荥阳市
460203,吉阳区
640400,固原市
610113,雁塔区
450223,鹿寨县
310118,青浦区
370902,泰山区
533123,盈江县
610403,杨陵区
653122,疏勒县
220105,二道区
320903,盐都区
130729,万全县
320826,涟水县
330723,武义县
632222,祁连县
430725,桃源县
411024,鄢陵县
411402,梁园区
411425,虞城县
230103,南岗区
410821,修武县
540422,米林县
130208,丰润区
411121,舞阳县
411321,南召县
411203,陕州区
150222,固阳县
445303,云安区
653201,和田市
653225,策勒县
652302,阜康市
411729,新蔡县
652327,吉木萨尔县
220284,磐石市
652823,尉犁县
511703,达川区
511823,汉源县
120101,和平区
120106,红桥区
411303,卧龙区
150124,清水河县
445302,云城区
513431,昭觉县
131002,安次区
130304,北戴河区
652922,温宿县
130121,井陉县
330784,永康市
341324,泗县
530627,镇雄县
370700,潍坊市
371100,日照市
532930,洱源县
622921,临夏县
130725,尚义县
652923,库车县
130522,临城县
220882,大安市
513423,盐源县
131022,固安县
131025,大城县
120114,武清区
513338,得荣县
630203,平安区
630223,互助土族自治县
350206,湖里区
150722,莫力达瓦达斡尔族自治旗
130223,滦县
130281,遵化市
130727,阳原县
130730,怀来县
150824,乌拉特中旗
150121,土默特左旗
130609,徐水区
150104,玉泉区
150125,武川县
130630,涞源县
130726,蔚县
150826,杭锦后旗
150823,乌拉特前旗
411122,临颍县
131127,景县
130627,唐县
130706,下花园区
220183,德惠市
130804,鹰手营子矿区
130823,平泉县
150923,商都县
150926,察哈尔右翼前旗
620104,西固区
620122,皋兰县
330483,桐乡市
150521,科尔沁左翼中旗
150525,奈曼旗
130825,隆化县
630224,化隆回族自治县
152922,阿拉善右旗
152921,阿拉善左旗
152923,额济纳旗
152222,科尔沁右翼中旗
360681,贵溪市
370781,青州市
371122,莒县
152224,突泉县
450326,永福县
330205,江北区
360802,吉州区
152522,阿巴嘎旗
130426,涉县
630202,乐都区
150425,克什克腾旗
150430,敖汉旗
331121,青田县
330781,兰溪市
350104,仓山区
331000,台州市
440305,南山区
450327,灌阳县
360724,上犹县
540227,谢通门县
430527,绥宁县
360722,信丰县
360702,章贡区
230404,南山区
371427,夏津县
630122,湟中县
330302,鹿城区
540224,萨迦县
350627,南靖县
371724,巨野县
370827,鱼台县
371425,齐河县
370521,垦利县
360502,渝水区
542423,比如县
431381,冷水江市
371502,东昌府区
220300,四平市
540327,左贡县
370523,广饶县
371523,茌平县
371581,临清市
360400,九江市
371728,东明县
210113,沈北新区
321300,宿迁市
410900,濮阳市
421003,荆州区
431125,江永县
430225,炎陵县
371526,高唐县
330727,磐安县
410822,博爱县
371522,莘县
530427,新平彝族傣族自治县
530424,华宁县
530322,陆良县
530323,师宗县
530422,澄江县
530425,易门县
230714,乌伊岭区
230711,乌马河区
430503,大祥区
533100,德宏傣族景颇族自治州
640422,西吉县
230321,鸡东县
632621,玛沁县
632625,久治县
130982,任丘市
440100,广州市
320302,鼓楼区
632722,杂多县
440224,仁化县
632623,甘德县
632626,玛多县
511526,珙县
331082,临海市
331081,温岭市
130283,迁安市
440700,江门市
522628,锦屏县
533300,怒江傈僳族自治州
210681,东港市
441200,肇庆市
620502,秦州区
510105,青羊区
469022,屯昌县
130800,承德市
512081,简阳市
411725,确山县
431102,零陵区
230224,泰来县
350322,仙游县
440514,潮南区
430204,石峰区
420205,铁山区
210400,抚顺市
513437,雷波县
440304,福田区
210500,本溪市
210900,阜新市
653222,墨玉县
513329,新龙县
360104,青云谱区
130900,沧州市
411502,浉河区
130528,宁晋县
330600,绍兴市
130200,唐山市
371321,沂南县
540000,西藏自治区
510724,安县
360983,高安市
620123,榆中县
540221,南木林县
211103,兴隆台区
451481,凭祥市
511129,沐川县
620102,城关区
220403,西安区
621122,陇西县
340123,肥西县
231000,牡丹江市
513430,金阳县
140725,寿阳县
450324,全州县
140932,偏关县
360423,武宁县
330900,舟山市
210881,盖州市
130802,双桥区
370900,泰安市
420222,阳新县
320205,锡山区
320206,惠山区
320282,宜兴市
512002,雁江区
341221,临泉县
341282,界首市
320211,滨湖区
341523,舒城县
341525,霍山县
210726,黑山县
210521,本溪满族自治县
210700,锦州市
430422,衡南县
520000,贵州省
610729,留坝县
520200,六盘水市
320312,铜山区
450110,武鸣区
430423,衡山县
522600,黔东南苗族侗族自治州
420322,郧西县
210000,辽宁省
220702,宁江区
230127,木兰县
130131,平山县
532331,禄丰县
370300,淄博市
620900,酒泉市
650000,新疆维吾尔自治区
421122,红安县
621123,渭源县
620521,清水县
451024,德保县
210522,桓仁满族自治县
420982,安陆市
542500,阿里地区
320585,太仓市
430722,汉寿县
450123,隆安县
110105,朝阳区
320505,虎丘区
650104,新市区
371203,钢城区
530300,曲靖市
411726,泌阳县
370000,山东省
530500,保山市
532900,大理白族自治州
341300,宿州市
530600,昭通市
341226,颍上县
530900,临沧市
640100,银川市
540323,类乌齐县
330100,杭州市
532600,文山壮族苗族自治州
211400,葫芦岛市
430721,安乡县
810018,離島區
430221,株洲县
451100,贺州市
532327,永仁县
440200,韶关市
140800,运城市
140600,朔州市
210281,瓦房店市
210213,金州区
210283,庄河市
430223,攸县
654226,和布克赛尔蒙古自治县
610429,旬邑县
652723,温泉县
230828,汤原县
350203,思明区
100000,中华人民共和国
310000,上海市
820000,澳門特別行政區
230881,同江市
513334,理塘县
620522,秦安县
150928,察哈尔右翼后旗
611026,柞水县
650106,头屯河区
450102,兴宁区
210503,溪湖区
140000,山西省
341203,颍东区
610322,凤翔县
130535,临西县
610116,长安区
659006,铁门关市
350982,福鼎市
141000,临汾市
533324,贡山独龙族怒族自治县
370302,淄川区
320413,金坛区
520402,西秀区
370687,海阳市
210402,新抚区
650105,水磨沟区
350200,厦门市
210203,西岗区
410304,瀍河回族区
410325,嵩县
640521,中宁县
370321,桓台县
430224,茶陵县
420381,丹江口市
620000,甘肃省
460205,崖州区
130629,容城县
654221,额敏县
130632,安新县
410302,老城区
610111,灞桥区
540230,康马县
441422,大埔县
460108,美兰区
230921,勃利县
130500,邢台市
410303,西工区
371400,德州市
222424,汪清县
350525,永春县
410728,长垣县
411221,渑池县
152202,阿尔山市
370406,山亭区
370612,牟平区
371083,乳山市
420700,鄂州市
340000,安徽省
371003,文登区
350503,丰泽区
411522,光山县
650121,乌鲁木齐县
511381,阆中市
441426,平远县
610304,陈仓区
430104,岳麓区
620402,白银区
510302,自流井区
140902,忻府区
371000,威海市
141029,乡宁县
341200,阜阳市
421100,黄冈市
340200,芜湖市
140921,定襄县
141028,吉县
141122,交城县
341502,金安区
341522,霍邱县
141130,交口县
512000,资阳市
410782,辉县市
140923,代县
141022,翼城县
340822,怀宁县
441481,兴宁市
310200,上海市郊县
533102,瑞丽市
440205,曲江区
230603,龙凤区
520323,绥阳县
220503,二道江区
530126,石林彝族自治县
632300,黄南藏族自治州
632500,海南藏族自治州
420506,夷陵区
621022,环县
440203,武江区
330122,桐庐县
640202,大武口区
211300,朝阳市
610122,蓝田县
623022,卓尼县
411727,汝南县
653227,民丰县
370212,崂山区
211402,连山区
140881,永济市
420300,十堰市
150927,察哈尔右翼中旗
513200,阿坝藏族羌族自治州
610328,千阳县
140922,五台县
511900,巴中市
620400,白银市
532500,红河哈尼族彝族自治州
500105,江北区
420900,孝感市
411330,桐柏县
220112,双阳区
331122,缙云县
140926,静乐县
320621,海安县
320508,姑苏区
621102,安定区
451028,乐业县
420607,襄州区
513301,康定市
530824,景谷傣族彝族自治县
611023,商南县
230124,方正县
230128,通河县
230129,延寿县
422826,咸丰县
130731,涿鹿县
131000,廊坊市
520602,碧江区
130628,高阳县
520111,花溪区
130631,望都县
350600,漳州市
511000,内江市
510700,绵阳市
430724,临澧县
431281,洪江市
451222,天峨县
210782,北镇市
321324,泗洪县
420881,钟祥市
140500,晋城市
500241,秀山土家族苗族自治县
511100,乐山市
411702,驿城区
411724,正阳县
511400,眉山市
370502,东营区
640205,惠农区
441621,紫金县
330921,岱山县
220281,蛟河市
440229,翁源县
150402,红山区
220422,东辽县
330783,东阳市
140830,芮城县
130634,曲阳县
542232,错那县
520525,纳雍县
640381,青铜峡市
130637,博野县
640200,石嘴山市
441721,阳西县
420606,樊城区
420624,南漳县
420626,保康县
211303,龙城区
420684,宜城市
450902,玉州区
232722,塔河县
330000,浙江省
522727,平塘县
130636,顺平县
621024,合水县
610723,洋县
210103,沈河区
430821,慈利县
451023,平果县
431302,娄星区
520403,平坝区
640303,红寺堡区
654224,托里县
532328,元谋县
411324,镇平县
210711,太和区
350182,长乐市
621100,定西市
320113,栖霞区
130683,安国市
231002,东安区
340121,长丰县
520113,白云区
530428,元江哈尼族彝族傣族自治县
610326,眉县
610329,麟游县
460000,海南省
620821,泾川县
620825,庄浪县
520112,乌当区
410106,上街区
520521,大方县
520522,黔西县
410181,巩义市
640324,同心县
610623,子长县
610427,彬县
610728,镇巴县
621222,文县
130984,河间市
654325,青河县
450423,蒙山县
610423,泾阳县
610431,武功县
130981,泊头市
340702,铜官山区
340703,狮子山区
520603,万山区
520624,思南县
340711,郊区
350582,晋江市
150622,准格尔旗
371325,费县
150621,达拉特旗
422823,巴东县
230126,巴彦县
230183,尚志市
360105,湾里区
421123,罗田县
469006,万宁市
530623,盐津县
654321,布尔津县
320321,丰县
341823,泾县
421127,黄梅县
511921,通江县
540328,芒康县
610631,黄龙县
150424,林西县
350624,诏安县
654301,阿勒泰市
460204,天涯区
210921,阜新蒙古族自治县
370982,新泰市
520600,铜仁市
520181,清镇市
150221,土默特右旗
130638,雄县
451026,那坡县
310108,闸北区
411224,卢氏县
321323,泗阳县
340221,芜湖县
340223,南陵县
330102,上城区
520526,威宁彝族回族苗族自治县
621226,礼县
130684,高碑店市
370283,平度市
130929,献县
371302,兰山区
520527,赫章县
152531,多伦县
341222,太和县
530326,会泽县
231083,海林市
522701,都匀市
530621,鲁甸县
130733,崇礼县
341322,萧县
441704,阳东区
450300,桂林市
411002,魏都区
410223,尉氏县
340621,濉溪县
220605,江源区
350625,长泰县
210105,皇姑区
210112,浑南区
445224,惠来县
350681,龙海市
340104,蜀山区
231123,逊克县
360323,芦溪县
540222,江孜县
350722,浦城县
230110,香坊区
421381,广水市
360425,永修县
330502,吴兴区
330881,江山市
360730,宁都县
340500,马鞍山市
220521,通化县
360803,青原区
360824,新干县
500152,潼南区
421125,浠水县
500120,璧山区
460321,西沙群岛
130123,正定县
420112,东西湖区
321322,沭阳县
540225,拉孜县
410923,南乐县
350423,清流县
320831,金湖县
120104,南开区
652827,和静县
110128,密云区
361022,黎川县
361028,资溪县
361025,乐安县
341622,蒙城县
341600,亳州市
542421,那曲县
350629,华安县
350481,永安市
330782,义乌市
361103,广丰区
540121,林周县
330521,德清县
350429,泰宁县
361029,东乡县
522731,惠水县
130183,晋州市
652924,沙雅县
653223,皮山县
652301,昌吉市
110116,怀柔区
220700,松原市
330127,淳安县
530722,永胜县
632700,玉树藏族自治州
510322,富顺县
120112,津南区
150100,呼和浩特市
330328,文成县
370105,天桥区
530421,江川县
330411,秀洲区
130229,玉田县
522323,普安县
330402,南湖区
140521,沁水县
140822,万荣县
140829,平陆县
510681,广汉市
350427,沙县
140781,介休市
500200,重庆市郊县
150625,杭锦旗
542424,聂荣县
120118,静海区
430181,浏阳市
610825,定边县
410527,内黄县
410500,安阳市
510682,什邡市
411082,长葛市
341822,广德县
360726,安远县
360781,瑞金市
411624,沈丘县
621121,通渭县
410185,登封市
230206,富拉尔基区
430603,云溪区
341004,徽州区
350723,光泽县
150421,阿鲁科尔沁旗
150429,宁城县
150423,巴林右旗
350000,福建省
321311,宿豫区
511503,南溪区
421321,随县
350902,蕉城区
440606,顺德区
511528,兴文县
610831,子洲县
120117,宁河区
130530,新河县
152500,锡林郭勒盟
350981,福安市
440308,盐田区
610327,陇县
350922,古田县
653224,洛浦县
513324,九龙县
513335,巴塘县
610828,佳县
430822,桑植县
532932,鹤庆县
152200,兴安盟
130534,清河县
542427,索县
230184,五常市
652822,轮台县
152900,阿拉善盟
330110,余杭区
331002,椒江区
533321,泸水县
513328,甘孜县
610324,扶风县
420821,京山县
530128,禄劝彝族苗族自治县
653023,阿合奇县
653024,乌恰县
659001,石河子市
652801,库尔勒市
220502,东昌区
411302,宛城区
530127,嵩明县
610502,临渭区
621223,宕昌县
360313,湘东区
360733,会昌县
210781,凌海市
632221,门源回族自治县
530630,水富县
522630,台江县
451224,东兰县
540200,日喀则市
330226,宁海县
430602,岳阳楼区
130126,灵寿县
370181,章丘市
610522,潼关县
140931,保德县
370724,临朐县
370782,诸城市
522635,麻江县
150721,阿荣旗
540236,萨嘎县
150725,陈巴尔虎旗
450311,雁山区
152526,西乌珠穆沁旗
430600,岳阳市
445322,郁南县
513336,乡城县
150205,石拐区
130400,邯郸市
451381,合山市
410183,新密市
510524,叙永县
530122,晋宁县
522625,镇远县
450421,苍梧县
429005,潜江市
522626,岑巩县
220802,洮北区
430400,衡阳市
222406,和龙市
620823,崇信县
361000,抚州市
513331,白玉县
230123,依兰县
460323,中沙群岛的岛礁及其海域
430903,赫山区
320114,雨花台区
371121,五莲县
411326,淅川县
630000,青海省
230125,宾县
513326,道孚县
530721,玉龙纳西族自治县
370611,福山区
653124,泽普县
150422,巴林左旗
620100,兰州市
440303,罗湖区
410611,淇滨区
150700,呼伦贝尔市
360800,吉安市
320922,滨海县
350825,连城县
350303,涵江区
350527,金门县
140702,榆次区
410526,滑县
411628,鹿邑县
540226,昂仁县
150202,东河区
421102,黄州区
140729,灵石县
410622,淇县
310104,徐汇区
210903,新邱区
411528,息县
522300,黔西南布依族苗族自治州
460106,龙华区
420922,大悟县
230500,双鸭山市
410621,浚县
411600,周口市
140927,神池县
130521,邢台县
433124,花垣县
230800,佳木斯市
310112,闵行区
310107,普陀区
340421,凤台县
520325,道真仡佬族苗族自治县
310105,长宁区
370500,东营市
341825,旌德县
420203,西塞山区
450105,江南区
450126,宾阳县
511126,夹江县
220800,白城市
410122,中牟县
445122,饶平县
441225,封开县
371200,莱芜市
530922,云县
350121,闽侯县
211202,银州区
140727,祁县
131028,大厂回族自治县
110117,平谷区
530921,凤庆县
330185,临安市
350128,平潭县
532624,麻栗坡县
659005,北屯市
411329,新野县
130302,海港区
445202,榕城区
530800,普洱市
533400,迪庆藏族自治州
640000,宁夏回族自治区
340823,枞阳县
610727,略阳县
420323,竹山县
130402,邯山区
420116,黄陂区
210702,古塔区
341225,阜南县
410423,鲁山县
350125,永泰县
460200,三亚市
653131,塔什库尔干塔吉克自治县
370682,莱阳市
371324,兰陵县
621225,西和县
610824,靖边县
510503,纳溪区
120111,西青区
420000,湖北省
371428,武城县
610626,吴起县
230406,东山区
532627,广南县
530629,威信县
530625,永善县
450103,青秀区
540402,巴宜区
140726,太谷县
211000,辽阳市
621021,庆城县
360123,安义县
110108,海淀区
510726,北川羌族自治县
370911,岱岳区
622925,和政县
610726,宁强县
140925,宁武县
610722,城固县
420902,孝南区
469024,临高县
350430,建宁县
610115,临潼区
340504,雨山区
150781,满洲里市
441700,阳江市
440800,湛江市
654322,富蕴县
653000,克孜勒苏柯尔克孜自治州
620800,平凉市
320829,洪泽县
210224,长海县
210282,普兰店市
140828,夏县
140221,阳高县
350124,闽清县
140700,晋中市
140900,忻州市
110129,延庆区
130127,高邑县
370923,东平县
440781,台山市
330381,瑞安市
511303,高坪区
130424,成安县
420981,应城市
513424,德昌县
421303,曾都区
140300,阳泉市
620200,嘉峪关市
321302,宿城区
130821,承德县
130428,肥乡县
140100,太原市
140200,大同市
652328,木垒哈萨克自治县
441823,阳山县
360729,全南县
652325,奇台县
420800,荆门市
522328,安龙县
210911,细河区
210922,彰武县
420324,竹溪县
630123,湟源县
431221,中方县
450331,荔浦县
140622,应县
540400,林芝市
360121,南昌县
231222,兰西县
211381,北票市
513400,凉山彝族自治州
540426,朗县
430426,祁东县
350212,同安区
230833,抚远县
350500,泉州市
140481,潞城市
140502,城区
411421,民权县
500232,武隆县
350213,翔安区
140211,南郊区
442000,中山市
350502,鲤城区
450521,合浦县
420113,汉南区
500229,城口县
321182,扬中市
330304,瓯海区
210905,清河门区
610523,大荔县
445321,新兴县
420802,东宝区
140411,郊区
500231,垫江县
370811,任城区
500100,重庆市市辖区
350505,泉港区
371082,荣成市
210600,丹东市
530700,丽江市
532300,楚雄彝族自治州
370602,芝罘区
370405,台儿庄区
231100,黑河市
650102,天山区
420500,宜昌市
330326,平阳县
429004,仙桃市
230506,宝山区
310109,虹口区
450621,上思县
440605,南海区
652927,乌什县
141127,岚县
451402,江州区
710000,台湾省
620802,崆峒区
540202,桑珠孜区
140400,长治市
451421,扶绥县
420984,汉川市
540229,仁布县
532323,牟定县
610000,陕西省
320723,灌云县
140924,繁峙县
530702,古城区
330523,安吉县
341321,砀山县
341323,灵璧县
360881,井冈山市
150784,额尔古纳市
232721,呼玛县
350581,石狮市
520322,桐梓县
350703,建阳区
140882,河津市
620500,天水市
520422,普定县
520327,凤冈县
610628,富县
110109,门头沟区
530626,绥江县
532628,富宁县
532625,马关县
530926,耿马傣族佤族自治县
411503,平桥区
530602,昭阳区
231282,肇东市
371327,莒南县
653128,岳普湖县
440307,龙岗区
230281,讷河市
653221,和田县
340208,三山区
620421,靖远县
510402,东区
140981,原平市
530821,宁洱哈尼族彝族自治县
654002,伊宁市
330329,泰顺县
520222,盘县
430321,湘潭县
330104,江干区
420602,襄城区
330602,越城区
620422,会宁县
330305,洞头区
540302,卡若区
469002,琼海市
231225,明水县
370522,利津县
620121,永登县
350400,三明市
520627,沿河土家族自治县
370403,薛城区
150929,四子王旗
411323,西峡县
350504,洛江区
532924,宾川县
320602,崇川区
230407,兴山区
330702,婺城区
411721,西平县
222400,延边朝鲜族自治州
150802,临河区
540231,定结县
654004,霍尔果斯市
141181,孝义市
610100,西安市
650203,克拉玛依区
542523,噶尔县
370683,莱州市
141030,大宁县
533122,梁河县
542422,嘉黎县
820006,嘉模堂區
360926,铜鼓县
230381,虎林市
542228,洛扎县
420117,新洲区
230902,新兴区
610117,高陵区
371423,庆云县
451425,天等县
532301,楚雄市
330726,浦江县
520626,德江县
320581,常熟市
360821,吉安县
220781,扶余市
321084,高邮市
653001,阿图什市
350205,海沧区
360827,遂川县
231224,庆安县
411526,潢川县
330282,慈溪市
451300,来宾市
610923,宁陕县
350424,宁化县
540421,工布江达县
540424,波密县
361128,鄱阳县
411023,许昌县
361027,金溪县
350583,南安市
360732,兴国县
429006,天门市
360725,崇义县
542525,革吉县
411381,邓州市
321203,高港区
340700,铜陵市
150103,回民区
150304,乌达区
211302,双塔区
230305,梨树区
140928,五寨县
341204,颍泉区
520100,贵阳市
542231,隆子县
522700,黔南布依族苗族自治州
331125,云和县
330382,乐清市
230109,松北区
140724,昔阳县
150783,扎兰屯市
520500,毕节市
530400,玉溪市
150726,新巴尔虎左旗
610928,旬阳县
230403,工农区
130526,任县
360281,乐平市
340824,潜山县
522726,独山县
513327,炉霍县
210100,沈阳市
510411,仁和区
130826,丰宁满族自治县
360200,景德镇市
532324,南华县
410184,新郑市
421182,武穴市
460300,三沙市
522728,罗甸县
210106,铁西区
210122,辽中县
422802,利川市
520203,六枝特区
654022,察布查尔锡伯自治县
140303,矿区
140728,平遥县
360222,浮梁县
431028,安仁县
360734,寻乌县
510723,盐亭县
410329,伊川县
141032,永和县
210104,大东区
350700,南平市
211481,兴城市
610104,莲湖区
340802,迎江区
211404,南票区
450304,象山区
511600,广安市
450330,平乐县
360728,定南县
530111,官渡区
500109,北碚区
640423,隆德县
500114,黔江区
500112,渝北区
500104,大渡口区
500102,涪陵区
500113,巴南区
500110,綦江区
140621,山阴县
211382,凌源市
450332,恭城瑶族自治县
510904,安居区
500115,长寿区
360982,樟树市
500101,万州区
141021,曲沃县
360727,龙南县
360923,上高县
420921,孝昌县
360721,赣县
360731,于都县
360981,丰城市
530826,江城哈尼族彝族自治县
500111,大足区
500106,沙坪坝区
210703,凌河区
431123,双牌县
341021,歙县
341024,祁门县
340521,当涂县
140827,垣曲县
640425,彭阳县
450603,防城区
611024,山阳县
341302,埇桥区
152502,锡林浩特市
152530,正蓝旗
410311,洛龙区
361130,婺源县
370404,峄城区
130133,赵县
370812,兖州区
130624,阜平县
130681,涿州市
130321,青龙满族自治县
130108,裕华区
152524,苏尼特右旗
360924,宜丰县
320902,亭湖区
410108,惠济区
130423,临漳县
411327,社旗县
630222,民和回族土族自治县
130324,卢龙县
150723,鄂伦春自治旗
361181,德兴市
210411,顺城区
152527,太仆寺旗
610428,长武县
650402,高昌区
630225,循化撒拉族自治县
370832,梁山县
230205,昂昂溪区
350821,长汀县
110114,昌平区
130303,山海关区
431024,嘉禾县
370830,汶上县
371102,东港区
370785,高密市
632725,囊谦县
350123,罗源县
130722,张北县
150821,五原县
650100,乌鲁木齐市
370828,金乡县
320507,相城区
130721,宣化县
810017,葵青區
130608,清苑区
130732,赤城县
140121,清徐县
150122,托克托县
350426,尤溪县
150703,扎赉诺尔区
141024,洪洞县
320311,泉山区
450328,龙胜各族自治县
320381,新沂市
130227,迁西县
513433,冕宁县
130184,新乐市
512022,乐至县
131026,文安县
130633,易县
632701,玉树市
431002,北湖区
361123,玉山县
210204,沙河口区
210202,中山区
410328,洛宁县
371721,曹县
140122,阳曲县
130983,黄骅市
411025,襄城县
510108,成华区
370784,安丘市
230781,铁力市
371481,乐陵市
130306,抚宁区
522324,晴隆县
130481,武安市
522730,龙里县
330683,嵊州市
330482,平湖市
150524,库伦旗
511102,市中区
330604,上虞区
330481,海宁市
371622,阳信县
361100,上饶市
445281,普宁市
230602,萨尔图区
141034,汾西县
130828,围场满族蒙古族自治县
350782,武夷山市
330503,南浔区
330327,苍南县
610527,白水县
152201,乌兰浩特市
341824,绩溪县
500236,奉节县
331127,景宁畲族自治县
131128,阜城县
810013,北區
150921,卓资县
360622,余江县
331181,龙泉市
360124,进贤县
340302,龙子湖区
421126,蕲春县
371702,牡丹区
469005,文昌市
370725,昌乐县
451323,武宣县
330283,奉化市
220621,抚松县
150924,兴和县
450405,长洲区
640522,海原县
361102,信州区
810008,黃大仙區
110115,大兴区
140929,岢岚县
360429,湖口县
420504,点军区
141182,汾阳市
320811,清浦区
532626,丘北县
431022,宜章县
320322,沛县
360302,安源区
211321,朝阳县
130529,巨鹿县
500234,开县
320382,邳州市
431129,江华瑶族自治县
232723,漠河县
610827,米脂县
610830,清涧县
340225,无为县
542521,普兰县
410882,沁阳市
510502,江阳区
320105,建邺区
430424,衡东县
410100,郑州市
431222,沅陵县
530124,富民县
530321,马龙县
532901,大理市
130105,新华区
330703,金东区
230207,碾子山区
370323,沂源县
340828,岳西县
130433,馆陶县
141031,隰县
210200,大连市
360830,永新县
220722,长岭县
150404,松山区
320506,吴中区
210303,铁西区
460107,琼山区
450000,广西壮族自治区
411325,内乡县
360921,奉新县
371323,沂水县
410811,山阳区
220381,公主岭市
211121,大洼县
440982,化州市
445381,罗定市
211021,辽阳县
450403,万秀区
431124,道县
361026,宜黄县
330681,诸暨市
410727,封丘县
220822,通榆县
230200,齐齐哈尔市
654223,沙湾县
220182,榆树市
340303,蚌山区
431202,鹤城区
360823,峡江县
510521,泸县
422800,恩施土家族苗族自治州
440804,坡头区
654000,伊犁哈萨克自治州
441400,梅州市
451002,右江区
320412,武进区
451324,金秀瑶族自治县
230000,黑龙江省
330603,柯桥区
310230,崇明县
360321,莲花县
530100,昆明市
431224,溆浦县
431227,新晃侗族自治县
320583,昆山市
522636,丹寨县
532931,剑川县
360421,九江县
530181,安宁市
340825,太湖县
431229,靖州苗族侗族自治县
340881,桐城市
500108,南岸区
421281,赤壁市
211003,文圣区
411728,遂平县
513322,泸定县
522624,三穗县
410503,北关区
430482,常宁市
653200,和田地区
450303,叠彩区
410522,安阳县
542233,浪卡子县
610323,岐山县
360500,新余市
360430,彭泽县
810001,中西區
220402,龙山区
360428,都昌县
430681,汨罗市
513228,黑水县
659004,五家渠市
371403,陵城区
510822,青川县
210123,康平县
659008,可克达拉市
652300,昌吉回族自治州
510903,船山区
511025,资中县
340311,淮上区
513330,德格县
511781,万源市
610924,紫阳县
130111,栾城区
431027,桂东县
152525,东乌珠穆沁旗
231025,林口县
511302,顺庆区
321200,泰州市
210300,鞍山市
210311,千山区
610632,黄陵县
632723,称多县
513425,会理县
610902,汉滨区
610925,岚皋县
230803,向阳区
441623,连平县
220283,舒兰市
230621,肇州县
610203,印台区
230624,杜尔伯特蒙古族自治县
430211,天元区
411621,扶沟县
350900,宁德市
450302,秀峰区
320800,淮安市
230113,双城区
440523,南澳县
410703,卫滨区
152529,正镶白旗
451027,凌云县
350924,寿宁县
360826,泰和县
321111,润州区
141025,古县
511723,开江县
120000,天津市
620824,华亭县
360829,安福县
360828,万安县
231102,爱辉区
530000,云南省
321283,泰兴市
510113,青白江区
420202,黄石港区
211102,双台子区
152523,苏尼特左旗
451029,田林县
510303,贡井区
510311,沿滩区
653130,巴楚县
510600,德阳市
510114,新都区
510421,米易县
640221,平罗县
440783,开平市
510800,广元市
510300,自贡市
510900,遂宁市
510422,盐边县
130225,乐亭县
620602,凉州区
150981,丰镇市
640300,吴忠市
150782,牙克石市
610921,汉阴县
411602,川汇区
511521,宜宾县
350526,德化县
320111,浦口区
810005,油尖旺區
610922,石泉县
220322,梨树县
654201,塔城市
450600,防城港市
130421,邯郸县
610929,白河县
350921,霞浦县
360822,吉水县
431103,冷水滩区
130435,曲周县
450923,博白县
430581,武冈市
440902,茂南区
511402,东坡区
632523,贵德县
632324,河南蒙古族自治县
441403,梅县区
441323,惠东县
220282,桦甸市
610926,平利县
150522,科尔沁左翼后旗
420115,江夏区
231003,阳明区
211122,盘山县
110102,西城区
610724,西乡县
140226,左云县
640323,盐池县
231182,五大连池市
130523,内丘县
654023,霍城县
150626,乌审旗
530581,腾冲市
610927,镇坪县
150727,新巴尔虎右旗
150702,海拉尔区
150206,白云鄂博矿区
140524,陵川县
410523,汤阴县
130803,双滦区
150724,鄂温克族自治旗
411400,商丘市
510106,金牛区
510112,龙泉驿区
510121,金堂县
150602,东胜区
510184,崇州市
370126,商河县
150623,鄂托克前旗
410327,宜阳县
411322,方城县
510400,攀枝花市
150600,鄂尔多斯市
410323,新安县
150627,伊金霍洛旗
500117,合川区
610330,凤县
610524,合阳县
510500,泸州市
430412,南岳区
220323,伊通满族自治县
130822,兴隆县
511300,南充市
542431,双湖县
220106,绿园区
110106,丰台区
450803,港南区
532523,屏边苗族自治县
532502,开远市
141081,侯马市
210802,站前区
370881,曲阜市
620403,平川区
320981,东台市
620822,灵台县
620826,静宁县
441303,惠阳区
632622,班玛县
110112,通州区
622900,临夏回族自治州
532503,蒙自市
511700,达州市
411622,西华县
430802,永定区
441324,龙门县
310117,松江区
532928,永平县
640402,原州区
110107,石景山区
360602,月湖区
350925,周宁县
320900,盐城市
450225,融水苗族自治县
450205,柳北区
450224,融安县
532501,个旧市
621023,华池县
652323,呼图壁县
610331,太白县
511523,江安县
411282,灵宝市
441826,连南瑶族自治县
230811,郊区
340402,大通区
230421,萝北县
230606,大同区
623024,迭部县
340406,潘集区
640122,贺兰县
511112,五通桥区
331004,路桥区
140322,盂县
140222,天镇县
522326,望谟县
632726,曲麻莱县
623021,临潭县
340403,田家庵区
340404,谢家集区
140623,右玉县
430405,珠晖区
420103,江汉区
230405,兴安区
520400,安顺市
340811,宜秀区
130102,长安区
520303,汇川区
450406,龙圩区
350628,平和县
210604,振安区
152528,镶黄旗
420503,伍家岗区
130403,丛台区
310115,浦东新区
140525,泽州县
211005,弓长岭区
540100,拉萨市
210404,望花区
370125,济阳县
540326,八宿县
232700,大兴安岭地区
330424,海盐县
140302,城区
430381,湘乡市
131024,香河县
370402,市中区
610528,富平县
231281,安达市
410581,林州市
420200,黄石市
440114,花都区
130425,大名县
310120,奉贤区
130429,永年县
410200,开封市
330624,新昌县
630121,大通回族土族自治县
130927,南皮县
370104,槐荫区
340826,宿松县
370102,历下区
621202,武都区
810006,深水埗區
522322,兴仁县
620902,肃州区
422801,恩施市
654026,昭苏县
440300,深圳市
440500,汕头市
511603,前锋区
451225,罗城仫佬族自治县
620621,民勤县
532524,建水县
610400,咸阳市
350100,福州市
211282,开原市
140223,广灵县
540122,当雄县
370124,平阴县
321181,丹阳市
331021,玉环县
220721,前郭尔罗斯蒙古族自治县
620923,肃北蒙古族自治县
231085,穆棱市
510704,游仙区
440402,香洲区
511622,武胜县
440306,宝安区
410400,平顶山市
540125,堆龙德庆县
211004,宏伟区
320305,贾汪区
610200,铜川市
230712,汤旺河区
140123,娄烦县
220211,丰满区
370304,博山区
659007,双河市
150223,达尔罕茂明安联合旗
520622,玉屏侗族自治县
370113,长清区
230706,翠峦区
130202,路南区
330108,滨江区
411626,淮阳县
211081,灯塔市
520328,湄潭县
340503,花山区
530521,施甸县
340827,望江县
361127,余干县
361129,万年县
360902,袁州区
360703,南康区
511002,市中区
530822,墨江哈尼族自治县
620423,景泰县
211204,清河区
211200,铁岭市
460322,南沙群岛
320104,秦淮区
230300,鸡西市
430523,邵阳县
611025,镇安县
422825,宣恩县
513232,若尔盖县
330800,衢州市
330200,宁波市
430100,长沙市
430700,常德市
433100,湘西土家族苗族自治州
420107,青山区
441424,五华县
310116,金山区
610630,宜川县
210422,新宾满族自治县
150526,扎鲁特旗
451227,巴马瑶族自治县
451229,大化瑶族自治县
130582,沙河市
130434,魏县
654200,塔城地区
341521,寿县
451031,隆林各族自治县
532529,红河县
610430,淳化县
210304,立山区
511028,隆昌县
510812,朝天区
510823,剑阁县
440000,广东省
320684,海门市
520625,印江土家族苗族自治县
530328,沾益县
330105,拱墅区
530502,隆阳区
130824,滦平县
140402,城区
430525,洞口县
320681,启东市
441803,清新区
532528,元阳县
542522,札达县
410422,叶县
513230,壤塘县
321081,仪征市
610622,延川县
513426,会东县
513229,马尔康县
513226,金川县
652824,若羌县
513300,甘孜藏族自治州
220100,长春市
340300,蚌埠市
451423,龙州县
321023,宝应县
522634,雷山县
540329,洛隆县
511529,屏山县
150000,内蒙古自治区
460400,儋州市
150200,包头市
331100,丽水市
330300,温州市
321002,广陵区
530524,昌宁县
440513,潮阳区
532325,姚安县
440232,乳源瑶族自治县
520381,赤水市
220821,镇赉县
441825,连山壮族瑶族自治县
210882,大石桥市
450422,藤县
150400,赤峰市
510403,西区
441802,清城区
441881,英德市
440233,新丰县
430408,蒸湘区
321003,邗江区
131126,故城县
622924,广河县
230703,南岔区
211011,太子河区
654324,哈巴河县
500118,永川区
341702,贵池区
450329,资源县
330500,湖州市
141129,中阳县
500119,南川区
360403,浔阳区
341003,黄山区
532925,弥渡县
140109,万柏林区
540322,贡觉县
330111,富阳区
520523,金沙县
150300,乌海市
360600,鹰潭市
330400,嘉兴市
340800,安庆市
420100,武汉市
341800,宣城市
341602,谯城区
421024,江陵县
421300,随州市
150800,巴彦淖尔市
150500,通辽市
220000,吉林省
622926,东乡族自治县
211421,绥中县
220623,长白朝鲜族自治县
511824,石棉县
120100,天津市市辖区
469030,琼中黎族苗族自治县
469023,澄迈县
230903,桃山区
211422,建昌县
340100,合肥市
341500,六安市
341000,黄山市
230700,伊春市
511621,岳池县
654027,特克斯县
421000,荆州市
320303,云龙区
150203,昆都仑区
360322,上栗县
340600,淮北市
350302,城厢区
350304,荔城区
421200,咸宁市
360111,青山湖区
654024,巩留县
654003,奎屯市
469001,五指山市
430529,城步苗族自治县
654021,伊宁县
130581,南宫市
430000,湖南省
532801,景洪市
150428,喀喇沁旗
371311,罗庄区
520326,务川仡佬族苗族自治县
230225,甘南县
540237,岗巴县
469021,定安县
131181,冀州市
451022,田东县
610700,汉中市
611000,商洛市
610526,蒲城县
370705,奎文区
510722,三台县
411627,太康县
211322,建平县
610625,志丹县
130130,无极县
230422,绥滨县
430300,湘潭市
130322,昌黎县
450203,鱼峰区
450204,柳南区
450924,兴业县
210682,凤城市
540127,墨竹工卡县
320700,连云港市
420804,掇刀区
140224,灵丘县
630103,城中区
540324,丁青县
371422,宁津县
632600,果洛藏族自治州
540235,聂拉木县
150581,霍林郭勒市
320115,江宁区
440400,珠海市
652825,且末县
430921,南县
120102,河东区
340103,庐阳区
130525,隆尧县
451030,西林县
430406,雁峰区
370686,栖霞市
350402,梅列区
450100,南宁市
441900,东莞市
445300,云浮市
450500,北海市
440113,番禺区
210502,平山区
430900,益阳市
350305,秀屿区
231124,孙吴县
820001,花地瑪堂區
654225,裕民县
361125,横峰县
632823,天峻县
331102,莲都区
340222,繁昌县
350105,马尾区
350181,福清市
440802,赤坎区
440981,高州市
230822,桦南县
140426,黎城县
610629,洛川县
540232,仲巴县
510107,武侯区
440204,浈江区
420525,远安县
341202,颍州区
231024,东宁县
231084,宁安市
341821,郎溪县
120200,天津市郊县
440105,海珠区
130635,蠡县
140581,高平市
620700,张掖市
370685,招远市
610602,宝塔区
511525,高县
441600,河源市
320611,港闸区
440115,南沙区
130406,峰峰矿区
450312,临桂区
140108,尖草坪区
141026,安泽县
610114,阎良区
610600,延安市
620924,阿克塞哈萨克族自治县
140181,古交市
320623,如东县
510304,大安区
410205,禹王台区
150785,根河市
511827,宝兴县
532823,勐腊县
140227,大同县
520628,松桃苗族自治县
450323,灵川县
611002,商州区
320682,如皋市
230202,龙沙区
140105,小店区
230203,建华区
530523,龙陵县
621025,正宁县
321012,江都区
810011,屯門區
431021,桂阳县
431225,会同县
640424,泾源县
530426,峨山彝族自治县
530129,寻甸回族彝族自治县
810004,南區
140429,武乡县
810012,元朗區
360102,东湖区
810010,荃灣區
130502,桥东区
654202,乌苏市
420583,枝江市
810016,沙田區
360103,西湖区
622927,积石山保安族东乡族撒拉族自治县
361024,崇仁县
130903,运河区
371524,东阿县
230804,前进区
410102,中原区
450722,浦北县
130926,肃宁县
360482,共青城市
341125,定远县
500230,丰都县
330281,余姚市
441402,梅江区
140425,平顺县
130928,吴桥县
130925,盐山县
220523,辉南县
810002,灣仔區
130930,孟村回族自治县
440983,信宜市
231005,西安区
431023,永兴县
440608,高明区
542428,班戈县
371700,菏泽市
440600,佛山市
361021,南城县
220600,白山市
341524,金寨县
469027,乐东黎族自治县
341181,天长市
621002,西峰区
632802,德令哈市
632822,都兰县
511903,恩阳区
511923,平昌县
310101,黄浦区
430811,武陵源区
140311,郊区
513432,喜德县
331123,遂昌县
530103,盘龙区
440881,廉江市
130527,南和县
210321,台安县
450703,钦北区
120116,滨海新区
511802,雨城区
131023,永清县
350800,龙岩市
220524,柳河县
450700,钦州市
350881,漳平市
350521,惠安县
350823,上杭县
620922,瓜州县
350623,漳浦县
350421,明溪县
440785,恩平市
350803,永定区
511803,名山区
371424,临邑县
130404,复兴区
532623,西畴县
350783,建瓯市
441202,端州区
440784,鹤山市
542200,山南地区
131100,衡水市
410721,新乡县
130600,保定市
411423,宁陵县
210504,明山区
500242,酉阳土家族苗族自治县
640502,沙坡头区
532922,漾濞彝族自治县
141126,石楼县
341721,东至县
511524,长宁县
632801,格尔木市
540233,亚东县
130110,鹿泉区
410221,杞县
410222,通许县
500233,忠县
110101,东城区
341802,宣州区
820004,大堂區
411403,睢阳区
632624,达日县
371322,郯城县
510683,绵竹市
632821,乌兰县
350926,柘荣县
350923,屏南县
511500,宜宾市
341621,涡阳县
411424,柘城县
610725,勉县
371426,平原县
152223,扎赉特旗
211324,喀喇沁左翼蒙古族自治县
230904,茄子河区
411422,睢县
430682,临湘市
230622,肇源县
500243,彭水苗族土家族自治县
530925,双江拉祜族佤族布朗族傣族自治县
371329,临沭县
370681,龙口市
610829,吴堡县
513429,布拖县
430626,平江县
632321,同仁县
632524,兴海县
370613,莱山区
130682,定州市
540102,城关区
440507,龙湖区
211221,铁岭县
520201,钟山区
623000,甘南藏族自治州
532527,泸西县
532530,金平苗族瑶族傣族自治县
621000,庆阳市
520115,观山湖区
640106,金凤区
522301,兴义市
330211,镇海区
370829,嘉祥县
370831,泗水县
440403,斗门区
513223,茂县
450305,七星区
430522,新邵县
451123,富川瑶族自治县
429021,神农架林区
632323,泽库县
411000,许昌市
450681,东兴市
130531,广宗县
441423,丰顺县
532525,石屏县
330225,象山县
610202,王益区
340602,杜集区
230805,东风区
441882,连州市
211281,调兵山市
330802,柯城区
510132,新津县
350103,台江区
542430,尼玛县
632522,同德县
430203,芦淞区
370883,邹城市
230716,上甘岭区
510122,双流县
141002,尧都区
320802,清河区
632521,共和县
632322,尖扎县
220582,集安市
532504,弥勒市
511124,井研县
532531,绿春县
820005,風順堂區
542400,那曲地区
330206,北仑区
232701,加格达奇区
410212,祥符区
220881,洮南市
341022,休宁县
330824,开化县
430500,邵阳市
211224,昌图县
410322,孟津县
411202,湖滨区
330822,常山县
532329,武定县
451221,南丹县
131081,霸州市
430481,耒阳市
130000,河北省
430421,衡阳县
350122,连江县
340523,和县
340506,博望区
411625,郸城县
421223,崇阳县
220303,铁东区
652826,焉耆回族自治县
411681,项城市
340522,含山县
350721,顺昌县
141123,兴县
542227,措美县
130224,滦南县
130300,秦皇岛市
433122,泸溪县
211223,西丰县
130700,张家口市
330522,长兴县
421023,监利县
610627,甘泉县
532326,大姚县
430103,天心区
230307,麻山区
340321,怀远县
340323,固镇县
652700,博尔塔拉蒙古自治州
653100,喀什地区
410404,石龙区
511024,威远县
652900,阿克苏地区
422828,鹤峰县
230523,宝清县
230100,哈尔滨市
141125,柳林县
530402,红塔区
370481,滕州市
420683,枣阳市
210505,南芬区
450481,岑溪市
141102,离石区
510725,梓潼县
220204,船营区
320830,盱眙县
540124,曲水县
510923,大英县
510802,利州区
130104,桥西区
513434,越西县
510921,蓬溪县
511123,犍为县
450922,陆川县
450221,柳江县
450802,港北区
450821,平南县
540123,尼木县
430200,株洲市
371312,河东区
511133,马边彝族自治县
320923,阜宁县
130431,鸡泽县
431226,麻阳苗族自治县
451281,宜州市
511132,峨边彝族自治县
511423,洪雅县
511323,蓬安县
451223,凤山县
451228,都安瑶族自治县
511181,峨眉山市
511425,青神县
511325,西充县
511702,通川区
511322,营山县
511722,宣汉县
511725,渠县
450325,兴安县
511922,南江县
513323,丹巴县
371482,禹城市
430304,岳塘区
513436,美姑县
513221,汶川县
513224,松潘县
350403,三元区
450107,西乡塘区
513222,理县
513225,九寨沟县
513333,色达县
652829,博湖县
150900,乌兰察布市
513233,红原县
469026,昌江黎族自治县
430524,隆回县
430528,新宁县
510781,江油市
513337,稻城县
211100,盘锦市
610900,安康市
632800,海西蒙古族藏族自治州
110100,北京市市辖区
659003,图木舒克市
340400,淮南市
141023,襄汾县
140212,新荣区
511681,华蓥市
659002,阿拉尔市
469025,白沙黎族自治县
630100,西宁市
469028,陵水黎族自治县
445100,潮州市
610300,宝鸡市
610500,渭南市
230400,鹤岗市
450502,海城区
140930,河曲县
140826,绛县
230722,嘉荫县
410803,中站区
431026,汝城县
420527,秭归县
440705,新会区
130703,桥西区
440118,增城区
130503,桥西区
140824,稷山县
421221,嘉鱼县
421222,通城县
522623,施秉县
340203,弋江区
320102,玄武区
320404,钟楼区
341182,明光市
341103,南谯区
371103,岚山区
230231,拜泉县
230605,红岗区
341102,琅琊区
520329,余庆县
230227,富裕县
440607,三水区
341122,来安县
341124,全椒县
230303,恒山区
441502,城区
341126,凤阳县
230102,道里区
341503,裕安区
469007,东方市
140624,怀仁县
231181,北安市
320803,淮安区
431230,通道侗族自治县
420822,沙洋县
441781,阳春市
431223,辰溪县
421087,松滋市
440404,金湾区
500153,荣昌区
150102,新城区
522631,黎平县
330182,建德市
441521,海丰县
441226,德庆县
610621,延长县
540234,吉隆县
623027,夏河县
350111,晋安区
140110,晋源区
350428,将乐县
431126,宁远县
431127,蓝山县
431128,新田县
440904,电白区
440704,江海区
140107,杏花岭区
230204,铁锋区
230230,克东县
320722,东海县
410711,牧野区
140106,迎泽区
350425,大田县
361023,南丰县
370702,潍城区
511825,天全县
230223,依安县
230221,龙江县
361030,广昌县
440103,荔湾区
532929,云龙县
340202,镜湖区
610125,户县
620321,永昌县
230715,红星区
331023,天台县
520621,江口县
370322,高青县
610721,南郑县
371726,鄄城县
611021,洛南县
410823,武陟县
653126,叶城县
410726,延津县
640104,兴庆区
520623,石阡县
430621,岳阳县
410724,获嘉县
460100,海口市
460105,秀英区
310114,嘉定区
330109,萧山区
533323,福贡县
320000,江苏省
410825,温县
410103,二七区
210727,义县
340304,禹会区
411104,召陵区
421224,通山县
360735,石城县
360925,靖安县
220102,南关区
441581,陆丰市
130109,藁城区
542224,桑日县
320281,江阴市
542221,乃东县
140522,阳城县
230104,道外区
542223,贡嘎县
540425,察隅县
410926,范县
330303,龙湾区
360723,大余县
542226,曲松县
542229,加查县
410883,孟州市
220202,昌邑区
410306,吉利区
330204,江东区
410502,文峰区
330203,海曙区
230826,桦川县
210602,元宝区
542222,扎囊县
140423,襄垣县
431228,芷江侗族自治县
511424,丹棱县
433126,古丈县
411102,源汇区
511602,广安区
511623,邻水县
511724,大竹县
150902,集宁区
370786,昌邑市
421121,团风县
210603,振兴区
450804,覃塘区
340603,相山区
350524,安溪县
341722,石台县
511502,翠屏区
150207,九原区
150303,海南区
440803,霞山区
430111,雨花区
820002,花王堂區
110111,房山区
653129,伽师县
610821,神木县
140721,榆社县
510727,平武县
654025,新源县
130607,满城区
430105,开福区
340604,烈山区
430702,武陵区
520123,修文县
371727,定陶县
410425,郏县
371602,滨城区
410902,华龙区
511822,荥经县
511304,嘉陵区
511403,彭山区
430382,韶山市
420703,华容区
420704,鄂城区
410305,涧西区
152501,二连浩特市
320703,连云区
120105,河北区
210804,鲅鱼圈区
430302,雨湖区
620105,安宁区
410927,台前县
410203,顺河回族区
210902,海州区
371521,阳谷县
411103,郾城区
320204,北塘区
810009,觀塘區
320203,南长区
411281,义马市
140723,和顺县
211403,龙港区
140722,左权县
110000,北京市
610112,未央区
140225,浑源县
230402,向阳区
511111,沙湾区
654028,尼勒克县
511113,金口河区
630105,城北区
621200,陇南市
130203,路北区
431322,新化县
520102,南明区
520121,开阳县
222405,龙井市
360300,萍乡市
360100,南昌市
520103,云岩区
652800,巴音郭楞蒙古自治州
520524,织金县
520122,息烽县
410603,山城区
430502,双清区
610800,榆林市
450321,阳朔县
451322,象州县
130427,磁县
420104,硚口区
820008,聖方濟各堂區
340102,瑶海区
340111,包河区
430511,北塔区
341002,屯溪区
421002,沙市区
410505,殷都区
230709,金山屯区
230623,林甸县
411481,永城市
650204,白碱滩区
500151,铜梁区
440703,蓬江区
440111,白云区
512021,安岳县
230708,美溪区
410602,鹤山区
230710,五营区
650421,鄯善县
469029,保亭黎族苗族自治县
500238,巫溪县
340721,铜陵县
533325,兰坪白族普米族自治县
360700,赣州市
230713,带岭区
141082,霍州市
450503,银海区
433130,龙山县
511527,筠连县
630104,城西区
441821,佛冈县
130728,怀安县
410381,偃师市
330825,龙游县
331126,庆元县
421202,咸安区
433125,保靖县
231121,嫩江县
433123,凤凰县
330803,衢江区
620600,武威市
370800,济宁市
370211,黄岛区
370703,寒亭区
610303,金台区
610582,华阴市
540330,边坝县
430902,资阳区
430981,沅江市
522729,长顺县
371603,沾化区
370202,市南区
370213,李沧区
610826,绥德县
370305,临淄区
370285,莱西市
210102,和平区
370214,城阳区
370203,市北区
370200,青岛市
542527,措勤县
450512,铁山港区
652925,新和县
433127,永顺县
370282,即墨市
130723,康保县
371600,滨州市
623001,合作市
130922,青县
130204,古冶区
623026,碌曲县
620302,金川区
371623,无棣县
210124,法库县
140421,长治县
445200,揭阳市
650422,托克逊县
650400,吐鲁番市
440900,茂名市
140321,平定县
610730,佛坪县
611022,丹凤县
140427,壶关县
140203,矿区
120103,河西区
210111,苏家屯区
420505,猇亭区
220382,双辽市
450602,港口区
331022,三门县
331024,仙居县
331003,黄岩区
140424,屯留县
320612,通州区
511321,南部县
320100,南京市
654326,吉木乃县
440811,麻章区
532822,勐海县
371326,平邑县
360426,德安县
371328,蒙阴县
140428,长子县
320724,灌南县
321282,靖江市
231081,绥芬河市
231004,爱民区
140431,沁源县
320200,无锡市
130125,行唐县
120113,北辰区
320600,南通市
321000,扬州市
210811,老边区
222404,珲春市
451302,兴宾区
350626,东山县
120115,宝坻区
513422,木里藏族自治县
653101,喀什市
441625,东源县
441622,龙川县
430124,宁乡县
653123,英吉沙县
411426,夏邑县
653226,于田县
510525,古蔺县
430121,长沙县
450226,三江侗族自治县
410725,原阳县
140430,沁县
440604,禅城区
513428,普格县
430703,鼎城区
150302,海勃湾区
430726,石门县
310106,静安区
430922,桃江县
430723,澧县
653022,阿克陶县
652222,巴里坤哈萨克自治县
150502,科尔沁区
371402,德城区
510821,旺苍县
620111,红古区
320300,徐州市
513427,宁南县
513401,西昌市
371625,博兴县
440281,乐昌市
430923,安化县
652200,哈密地区
511826,芦山县
321202,海陵区
330103,下城区
210302,铁东区
130532,平乡县
410802,解放区
130107,井陉矿区
430521,邵东县
410204,鼓楼区
140802,盐湖区
410928,濮阳县
230704,友好区
820003,望德堂區
230108,平房区
653121,疏附县
542429,巴青县
130129,赞皇县
451400,崇左市
623025,玛曲县
220122,农安县
220113,九台区
150822,磴口县
150825,乌拉特后旗
371525,冠县
131102,桃城区
410781,卫辉市
542426,申扎县
130921,沧县
150123,和林格尔县
331124,松阳县
371626,邹平县
130705,宣化区
150105,赛罕区
371621,惠民县
370303,张店区
131122,武邑县
131121,枣强县
621026,宁县
430281,醴陵市
810007,九龍城區
131123,武强县
131124,饶阳县
410704,凤泉区
540228,白朗县
131125,安平县
650202,独山子区
130533,威县
450202,城中区
130626,定兴县
610425,礼泉县
610422,三原县
220421,东丰县
210212,旅顺口区
450200,柳州市
530102,五华区
410105,金水区
210211,甘井子区
530125,宜良县
530112,西山区
530113,东川区
410922,清丰县
410324,栾川县
410600,鹤壁市
450222,柳城县
360481,瑞昌市
320582,张家港市
542225,琼结县
530622,巧家县
440104,越秀区
530624,大关县
533103,芒市
130724,沽源县
440112,黄埔区
131003,广阳区
410326,汝阳县
230705,西林区
533124,陇川县
320402,天宁区
320411,新北区
540321,江达县
530114,呈贡区
411722,上蔡县
540423,墨脱县
410225,兰考县
440882,雷州市
230111,呼兰区
620622,古浪县
610102,新城区
440117,从化区
420106,武昌区
652901,阿克苏市
431200,怀化市
140603,平鲁区
140821,临猗县
430800,张家界市
431100,永州市
431300,娄底市
431000,郴州市
431025,临武县
431081,资兴市
652324,玛纳斯县
441322,博罗县
441300,惠州市
330106,西湖区
320324,睢宁县
430623,华容县
321204,姜堰区
540300,昌都市
320706,海州区
140202,城区
411521,罗山县
411081,禹州市
640302,利通区
370306,周村区
350724,松溪县
360825,永丰县
220622,靖宇县
230600,大庆市
610624,安塞县
411525,固始县
450721,灵山县
320118,高淳区
110113,顺义区
341623,利辛县
220203,龙潭区
231200,绥化市
341723,青阳县
130924,海兴县
622923,永靖县
320707,赣榆区
361002,临川区
130702,桥东区
230229,克山县
330903,普陀区
320116,六合区
130209,曹妃甸区
419001,济源市
340124,庐江县
510522,合江县
370921,宁阳县
370983,肥城市
445102,湘桥区
130902,新华区
511011,东兴区
410104,管城回族区
510703,涪城区
420529,五峰土家族自治县
350781,邵武市
441523,陆河县
350702,延平区
210624,宽甸满族自治县
371002,环翠区
433101,吉首市
513332,石渠县
441427,蕉岭县
533401,香格里拉市
532923,祥云县
542526,改则县
532601,文山市
371300,临沂市
522601,凯里市
130602,竞秀区
370826,微山县
210904,太平区
632223,海晏县
370600,烟台市
150204,青山区
440512,濠江区
340405,八公山区
421083,洪湖市
341881,宁国市
421022,公安县
420111,洪山区
420105,汉阳区
320202,崇安区
130128,深泽县
652701,博乐市
610103,碑林区
320117,溧水区
810000,香港特別行政區
131182,深州市
621125,漳县
621126,岷县
210114,于洪区
422827,来凤县
220103,宽城区
150925,凉城县
230900,七台河市
620523,甘谷县
620503,麦积区
430112,望城区
222402,图们市
140823,闻喜县
610222,宜君县
360202,昌江区
540325,察雅县
530723,华坪县
532926,南涧彝族自治县
140825,新绛县
350300,莆田市
140602,朔城区
141121,文水县
522702,福泉市
130623,涞水县
430781,津市市
330922,嵊泗县
632724,治多县
130606,莲池区
441800,清远市
130524,柏乡县
141027,浮山县
141033,蒲县
440222,始兴县
340803,大观区
222426,安图县
410403,卫东区
420102,江岸区
451000,百色市
810014,大埔區
350725,政和县
542425,安多县
420114,蔡甸区
420204,下陆区
350603,龙文区
230702,伊春区
350622,云霄县
230707,新青区
350802,新罗区
350824,武平县
445103,潮安区
630102,城东区
540126,达孜县
610802,榆阳区
220681,临江市
610823,横山县
230604,让胡路区
210803,西市区
500103,渝中区
650205,乌尔禾区
220581,梅河口市
410202,龙亭区
340207,鸠江区
513325,雅江县
652926,拜城县
360900,宜春市
652929,柯坪县
450900,玉林市
450881,桂平市
371500,聊城市
431321,双峰县
370281,胶州市
451200,河池市
310110,杨浦区
220302,铁西区
620524,武山县
520424,关岭布依族苗族自治县
440106,天河区
350102,鼓楼区
441204,高要区
230208,梅里斯达斡尔族区
130923,东光县
320106,鼓楼区
320400,常州市
441302,惠城区
320481,溧阳市
440282,南雄市
210323,岫岩满族自治县
622901,临夏市
210381,海城市
320804,淮阴区
820007,路氹填海區
130207,丰南区
131082,三河市
330902,定海区
542524,日土县
420502,西陵区
522325,贞丰县
520221,水城县
522327,册亨县
620982,敦煌市
522622,黄平县
530381,宣威市
532800,西双版纳傣族自治州
810003,東區
530828,澜沧拉祜族自治县
530924,镇康县
341023,黟县
150624,鄂托克旗
532322,双柏县
530325,富源县
530302,麒麟区
510115,温江区
510129,大邑县
510182,彭州市
210800,营口市
211002,白塔区
510321,荣县
510623,中江县
510100,成都市
510922,射洪县
640105,西夏区
640121,永宁县
421081,石首市
510104,锦江区
510181,都江堰市
510183,邛崃市
510131,蒲江县
510124,郫县
420600,襄阳市
530923,永德县
533422,德钦县
530802,思茅区
530628,彝良县
610702,汉台区
621227,徽县
621224,康县
621221,成县
621228,两当县
141128,方山县
430202,荷塘区
440511,金平区
361121,上饶县
361126,弋阳县
410506,龙安区
130432,广平县
610404,渭城区
440515,澄海区
130430,邱县
410482,汝州市
513435,甘洛县
